{
    "V1": 107.96838282418287,
    "V1-V2": 0.0,
    "V2": 107.96838282418287,
    "duplicates": 0,
    "maxGroup": [
        71.20273445844904,
        17.459639271217995,
        19.306009094515826
    ],
    "s2": 107.96838282418287,
    "s3": 107.96838282418287,
    "s3-s2": 0.0,
    "sizeA": 3,
    "sizeB": 1
}